{"meta": {"software": "slipcover", "version": "1.0.15", "timestamp": "2024-07-28T21:26:51.579953", "branch_coverage": true, "show_contexts": false}, "files": {"benchmarks/bm_raytrace.py": {"executed_lines": [1, 11, 12, 14, 15, 18, 19, 20, 23, 25, 26, 27, 28, 30, 33, 36, 37, 39, 40, 43, 45, 46, 47, 49, 50, 52, 53, 54, 56, 57, 58, 59, 60, 61, 64, 65, 67, 70, 71, 73, 76, 77, 79, 80, 82, 85, 86, 87, 90, 91, 92, 93, 95, 96, 99, 101, 102, 103, 104, 106, 109, 112, 113, 114, 116, 117, 118, 122, 125, 126, 128, 131, 132, 135, 137, 138, 139, 140, 142, 145, 146, 147, 148, 149, 150, 152, 154, 155, 158, 160, 161, 162, 164, 167, 168, 169, 170, 174, 175, 178, 180, 181, 182, 184, 187, 188, 191, 194, 196, 197, 198, 199, 200, 201, 203, 204, 205, 206, 207, 209, 216, 217, 218, 219, 220, 221, 222, 223, 226, 228, 229, 230, 231, 232, 233, 234, 236, 239, 240, 242, 243, 245, 246, 248, 249, 250, 251, 252, 253, 254, 255, 257, 258, 259, 261, 262, 263, 264, 265, 266, 267, 269, 270, 271, 272, 273, 274, 275, 276, 277, 279, 280, 281, 283, 285, 286, 287, 288, 289, 290, 292, 293, 294, 295, 296, 297, 300, 301, 304, 306, 307, 308, 309, 310, 311, 314, 315, 317, 318, 320, 321, 322, 323, 324, 326, 327, 328, 329, 330, 331, 332, 333, 335, 336, 338, 341, 343, 344, 345, 346, 348, 349, 350, 351, 352, 354, 357, 358, 359, 361, 362, 363, 364, 365, 366, 367, 368, 369, 370, 371, 373, 374, 376, 378, 380, 383, 390, 391, 392, 393, 394, 395, 396, 397, 399, 400, 401, 402, 403, 405, 406, 409, 410, 411, 412, 413, 414], "missing_lines": [31, 34, 41, 68, 74, 83, 107, 110, 120, 123, 129, 143, 165, 172, 185, 210, 211, 212, 213, 237, 379, 384, 385, 386, 387], "executed_branches": [[40, 43], [117, 118], [149, 150], [149, 152], [169, 170], [198, 199], [198, 200], [218, 219], [218, 223], [220, 218], [220, 221], [221, 218], [221, 222], [261, 0], [261, 262], [262, 261], [262, 263], [270, 271], [270, 272], [276, 277], [276, 279], [286, 287], [286, 290], [288, 286], [288, 289], [294, 295], [294, 297], [295, 294], [295, 296], [321, 322], [326, 327], [328, 329], [328, 332], [330, 328], [330, 331], [335, 336], [351, 352], [351, 354], [361, 362], [361, 376], [368, 369], [368, 373], [378, 380], [390, 391], [413, 0], [413, 414]], "missing_branches": [[40, 41], [117, 120], [169, 172], [321, 326], [326, 335], [335, 338], [378, 379], [386, 0], [386, 387], [390, 0]], "summary": {"covered_lines": 267, "missing_lines": 25, "covered_branches": 46, "missing_branches": 10, "percent_covered": 89.94252873563218}}}, "summary": {"covered_lines": 267, "missing_lines": 25, "covered_branches": 46, "missing_branches": 10, "percent_covered": 89.94252873563218}}
