{"meta": {"software": "slipcover", "version": "1.0.15", "timestamp": "2024-07-28T19:03:06.353419", "branch_coverage": false, "show_contexts": false}, "files": {"tests/class_test.py": {"executed_lines": [1, 3, 4, 7, 8, 11, 12, 15, 16, 19, 20, 23, 26, 27, 30, 31, 34, 35, 38, 42, 45], "missing_lines": [5, 9, 13, 17, 21, 24, 28, 32, 36, 39, 40, 43, 46], "summary": {"covered_lines": 21, "missing_lines": 13, "percent_covered": 61.76470588235294}}, "tests/test_branch.py": {"executed_lines": [1, 2, 3, 4, 7, 9, 10, 11, 14, 15, 16, 19, 41, 43, 44, 46, 47, 48, 51, 52, 53, 55, 56, 57, 59, 60, 63, 64, 71, 72, 73, 74, 76, 91, 92, 103, 104, 105, 106, 108, 123, 124, 135, 136, 137, 138, 140, 150, 151, 157, 158, 159, 160, 162, 177, 178, 192, 193, 194, 195, 197, 214, 215, 232, 233, 234, 235, 237, 246, 247, 268, 269, 270, 271, 273, 274, 276, 277, 278, 281, 282, 294, 297, 298, 301, 302, 311, 312, 313, 314, 316, 326, 327, 346, 347, 348, 349, 351, 361, 362, 371, 372, 373, 374, 376, 386, 387, 397, 398, 399, 400, 402, 412, 413, 424, 425, 426, 427, 429, 439, 440, 451, 452, 453, 454, 456, 466, 467, 479, 480, 481, 482, 484, 494, 495, 496, 507, 508, 509, 510, 512, 522, 523, 524, 536, 537, 538, 539, 541, 550, 551, 552, 560, 561, 562, 563, 566, 567, 568, 578, 579, 580, 581, 583, 592, 593, 594, 606, 607, 608, 609, 611, 621, 622, 623, 635, 636, 637, 638, 640, 650, 651, 652, 667, 668, 669, 670, 672, 682, 683, 684, 697, 698, 699, 700, 702, 712, 713, 715, 723, 724, 725, 726, 729, 730, 731, 739, 740, 741, 742, 745, 746, 747, 753, 756, 764, 765, 766, 767, 770, 771, 782, 783, 784, 785, 788, 789, 790, 796, 804, 805, 806, 807, 810, 811, 812, 818, 829, 830, 831, 832], "missing_lines": [20, 22, 23, 24, 26, 27, 28, 29, 30, 31, 32, 34, 36, 37, 38, 49, 77, 78, 80, 81, 82, 83, 85, 86, 87, 88, 109, 110, 112, 113, 114, 115, 117, 118, 119, 120, 141, 142, 144, 145, 146, 147, 163, 164, 166, 167, 168, 169, 171, 172, 173, 174, 198, 199, 201, 202, 203, 204, 205, 207, 208, 209, 210, 211, 238, 239, 241, 242, 243, 317, 318, 320, 321, 322, 323, 352, 353, 355, 356, 357, 358, 377, 378, 380, 381, 382, 383, 403, 404, 406, 407, 408, 409, 430, 431, 433, 434, 435, 436, 457, 458, 460, 461, 462, 463, 485, 486, 488, 489, 490, 491, 513, 514, 516, 517, 518, 519, 542, 543, 545, 546, 547, 584, 585, 587, 588, 589, 612, 613, 615, 616, 617, 618, 641, 642, 644, 645, 646, 647, 673, 674, 676, 677, 678, 679, 703, 704, 706, 707, 708, 709], "summary": {"covered_lines": 241, "missing_lines": 151, "percent_covered": 61.47959183673469}}, "tests/test_bytecode.py": {"executed_lines": [1, 2, 4, 6, 7], "missing_lines": [9, 10, 11, 12, 14, 15, 16, 18, 19, 20, 22, 23, 24, 26, 27, 28, 29, 30, 31, 32, 33, 34, 35, 36, 37, 38, 39, 42, 43, 44, 46, 47, 48, 49, 50, 51, 53, 54, 55, 56, 59, 60, 61, 62, 63, 64, 65, 66, 69, 70, 71, 72, 73, 75, 76, 77, 78, 80, 82, 83, 84, 85, 86, 88, 89, 90, 91, 92, 94, 95, 96, 97, 98, 100, 101, 102, 103, 104, 106, 107, 110, 111, 113, 114, 115, 117, 118, 119, 120, 121, 123, 124, 125, 127, 128, 130, 131, 133, 134, 137, 138, 139, 140, 143, 144, 145, 146, 147, 149, 150, 151, 153, 154, 155, 156, 157, 158, 177, 178, 180, 181, 182, 184, 185, 187, 188, 191, 192, 193, 194, 195, 196, 197, 199, 200, 201, 202, 203, 204, 205, 208, 209, 210, 211, 212, 213, 215, 216, 217, 218, 219, 220, 221, 224, 225, 226, 227, 228, 229, 230, 232, 233, 234, 235, 236, 237, 238, 250, 251, 252, 253, 254, 256, 257, 258, 259, 260, 261, 262, 264, 267, 268, 269, 271, 272, 273, 274, 276, 277, 278, 280, 281, 282, 283, 285, 286, 287, 289, 290, 291, 292, 294, 295, 296, 298, 299, 300, 301, 303, 304, 305, 307, 308, 309, 310, 312, 313, 314, 316, 317, 318, 319, 321, 322, 323, 325, 326, 327, 328, 330, 331, 332, 334, 335, 336, 337, 339, 340, 341, 343, 344, 345, 346, 348, 349, 350, 352, 353, 354, 355, 358, 359, 360, 362, 363, 364, 367, 373, 374, 375, 377, 378, 379, 382, 383, 385, 386, 387, 391, 392, 393, 394, 395, 396, 398, 399, 402, 403, 404, 405, 406, 407, 409, 410, 411, 413, 416, 417, 418, 421, 422, 423, 424, 425, 426, 427, 429, 431, 439, 442, 443, 444, 445, 446, 447, 448, 449, 451, 452, 454, 456, 467, 470, 471, 472, 473, 474, 477, 478, 479, 480, 482, 483, 485, 486, 489, 490, 491, 492, 493, 496, 497, 498, 499, 502, 503, 504, 505, 506, 507, 515, 517, 521, 523, 524, 525, 527, 528, 529, 531, 532, 533, 534, 535, 536, 538, 539, 548, 549, 551, 552, 554, 555, 556, 557, 559, 561, 563, 565, 566, 567, 570, 571, 574, 575, 576, 577, 579, 580, 581, 583, 587, 590, 591, 592, 594, 596, 599, 600, 602, 604, 606, 608, 609, 611, 612, 613, 616, 617, 618, 620, 621, 623, 624, 627, 628, 629, 632, 633, 639, 641, 642, 643, 644, 646, 647, 650, 651, 657, 659, 660, 661, 664, 665, 675, 680, 681, 682, 684, 685, 687, 688, 689, 690, 692, 693, 696, 697, 698, 700, 701, 702, 704, 705, 706, 707], "summary": {"covered_lines": 5, "missing_lines": 446, "percent_covered": 1.1086474501108647}}, "tests/test_coverage.py": {"executed_lines": [1, 2, 3, 4, 5, 6, 7, 8, 9, 10, 11, 14, 16, 20, 24, 28, 35, 36, 37, 40, 41, 65, 94, 133, 163, 190, 191, 226, 261, 262, 304, 305, 340, 369, 395, 423, 463, 464, 482, 483, 489, 498, 499, 521, 539, 577, 592, 593, 646, 647, 696, 697, 708, 743, 775, 788, 789, 860, 861, 882, 883, 916, 917, 936, 937, 980, 981, 1022, 1041],